{
  "label_aps": {
    "car": {
      "0.5": 0.7354749260801441,
      "1.0": 0.8494988990008903,
      "2.0": 0.8890392278327302,
      "4.0": 0.9046757474521565
    },
    "truck": {
      "0.5": 0.6411748530341673,
      "1.0": 0.6804664852890039,
      "2.0": 0.709037804119501,
      "4.0": 0.7321703982653192
    },
    "bus": {
      "0.5": 0.4809777950906101,
      "1.0": 0.5729617895932332,
      "2.0": 0.7140543523500912,
      "4.0": 0.7297276952894004
    },
    "trailer": {
      "0.5": 0.386890530269002,
      "1.0": 0.9888888888888892,
      "2.0": 0.9888888888888892,
      "4.0": 0.9888888888888892
    },
    "construction_vehicle": {
      "0.5": 0.0,
      "1.0": 0.0,
      "2.0": 0.0,
      "4.0": 0.0
    },
    "pedestrian": {
      "0.5": 0.872133675247756,
      "1.0": 0.8964346378160121,
      "2.0": 0.9131086317361704,
      "4.0": 0.930336932480481
    },
    "motorcycle": {
      "0.5": 0.4102689620430434,
      "1.0": 0.4746496703795061,
      "2.0": 0.49025746736820475,
      "4.0": 0.5020156141933398
    },
    "bicycle": {
      "0.5": 0.18297127598677126,
      "1.0": 0.18301635348781078,
      "2.0": 0.18301635348781078,
      "4.0": 0.18301635348781078
    },
    "traffic_cone": {
      "0.5": 0.03018822458089497,
      "1.0": 0.03018822458089497,
      "2.0": 0.03018822458089497,
      "4.0": 0.03018822458089497
    },
    "barrier": {
      "0.5": 0.35285854055846205,
      "1.0": 0.6038954851702092,
      "2.0": 0.8471823901598257,
      "4.0": 0.8632237072295285
    }
  },
  "mean_dist_aps": {
    "car": 0.8446722000914801,
    "truck": 0.6907123851769978,
    "bus": 0.6244304080808337,
    "trailer": 0.8383892992339173,
    "construction_vehicle": 0.0,
    "pedestrian": 0.9030034693201048,
    "motorcycle": 0.46929792849602353,
    "bicycle": 0.1830050841125509,
    "traffic_cone": 0.03018822458089497,
    "barrier": 0.6667900307795064
  },
  "mean_ap": 0.525048902987231,
  "label_tp_errors": {
    "car": {
      "trans_err": 0.19127803593129822,
      "scale_err": 0.1516309797825006,
      "orient_err": 0.20031277104132622,
      "vel_err": 0.26476083642898085,
      "attr_err": 0.12559790779915675
    },
    "truck": {
      "trans_err": 0.20198999903465226,
      "scale_err": 0.2042813248955018,
      "orient_err": 0.1983404387357074,
      "vel_err": 0.2135451308041372,
      "attr_err": 0.356198922540973
    },
    "bus": {
      "trans_err": 0.29030923744542475,
      "scale_err": 0.17646699376715902,
      "orient_err": 0.02647814553199143,
      "vel_err": 1.0161991647330177,
      "attr_err": 0.26910842818813635
    },
    "trailer": {
      "trans_err": 0.4927423367919247,
      "scale_err": 0.27213453953461025,
      "orient_err": 0.039813891775699765,
      "vel_err": 1.1232557125544115e-08,
      "attr_err": 1.0
    },
    "construction_vehicle": {
      "trans_err": 1.0,
      "scale_err": 1.0,
      "orient_err": 1.0,
      "vel_err": 1.0,
      "attr_err": 1.0
    },
    "pedestrian": {
      "trans_err": 0.14810075436703624,
      "scale_err": 0.244117001774282,
      "orient_err": 0.3222985642861168,
      "vel_err": 0.22286624641876135,
      "attr_err": 0.10001050934353292
    },
    "motorcycle": {
      "trans_err": 0.23618653841434978,
      "scale_err": 0.2533387131339989,
      "orient_err": 0.8882068645099842,
      "vel_err": 0.09519193639958577,
      "attr_err": 0.07234983793039199
    },
    "bicycle": {
      "trans_err": 0.23100774392501164,
      "scale_err": 0.30137565499851265,
      "orient_err": 0.2555332491555458,
      "vel_err": 0.5800564157923926,
      "attr_err": 0.02691082726184385
    },
    "traffic_cone": {
      "trans_err": 0.1572725582711103,
      "scale_err": 0.3267302167818078,
      "orient_err": NaN,
      "vel_err": NaN,
      "attr_err": NaN
    },
    "barrier": {
      "trans_err": 0.48189916311310294,
      "scale_err": 0.25887485861100756,
      "orient_err": 0.037035203143960575,
      "vel_err": NaN,
      "attr_err": NaN
    }
  },
  "tp_errors": {
    "trans_err": 0.34307863672939104,
    "scale_err": 0.31889502832793803,
    "orient_err": 0.3297799031311481,
    "vel_err": 0.42407746772617905,
    "attr_err": 0.3687720541330044
  },
  "tp_scores": {
    "trans_err": 0.656921363270609,
    "scale_err": 0.681104971672062,
    "orient_err": 0.6702200968688519,
    "vel_err": 0.575922532273821,
    "attr_err": 0.6312279458669956
  },
  "nd_score": 0.5840641424888494,
  "eval_time": 3.2776379585266113,
  "cfg": {
    "class_range": {
      "car": 50,
      "truck": 50,
      "bus": 50,
      "trailer": 50,
      "construction_vehicle": 50,
      "pedestrian": 40,
      "motorcycle": 40,
      "bicycle": 40,
      "traffic_cone": 30,
      "barrier": 30
    },
    "dist_fcn": "center_distance",
    "dist_ths": [
      0.5,
      1.0,
      2.0,
      4.0
    ],
    "dist_th_tp": 2.0,
    "min_recall": 0.1,
    "min_precision": 0.1,
    "max_boxes_per_sample": 500,
    "mean_ap_weight": 5
  },
  "meta": {
    "use_camera": false,
    "use_lidar": true,
    "use_radar": false,
    "use_map": false,
    "use_external": false
  }
}